{"main":"sapi-notification.raml","name":"sapi-notification","classifier":"raml","tags":[],"descriptorVersion":"1.0.0","groupId":"859200e0-96c9-40c4-918e-b36c5d106407","assetId":"sapi-notification","version":"1.0.0","dependencies":[{"groupId":"859200e0-96c9-40c4-918e-b36c5d106407","assetId":"error-response-json","version":"1.0.1","classifier":"raml","packaging":"zip"},{"groupId":"859200e0-96c9-40c4-918e-b36c5d106407","assetId":"client-credentials","version":"1.0.1","classifier":"raml","packaging":"zip"},{"groupId":"859200e0-96c9-40c4-918e-b36c5d106407","assetId":"x-correlation-id","version":"1.0.2","classifier":"raml","packaging":"zip"}],"organizationId":"859200e0-96c9-40c4-918e-b36c5d106407","apiVersion":"v1","originalFormatVersion":"1.0","metadata":{"projectId":"81308646-d609-45d8-bba3-8102860b5e0d","branchId":"master","commitId":"8a3aa63fd6f01e38f377b2c0ffcab4824f72be20"}}